[{"model": "admin.logentry", "pk": 1, "fields": {"action_time": "2023-03-03T21:29:19.383Z", "user": 3, "content_type": 10, "object_id": "1", "object_repr": "Author object (1)", "action_flag": 2, "change_message": "[{\"changed\": {\"fields\": [\"Author\"]}}]"}}, {"model": "admin.logentry", "pk": 2, "fields": {"action_time": "2023-03-03T21:30:11.100Z", "user": 3, "content_type": 10, "object_id": "1", "object_repr": "Author object (1)", "action_flag": 2, "change_message": "[{\"changed\": {\"fields\": [\"Author rating\"]}}]"}}, {"model": "admin.logentry", "pk": 3, "fields": {"action_time": "2023-03-05T14:35:07.114Z", "user": 3, "content_type": 7, "object_id": "4", "object_repr": "Смарт-часы объединили с ChatGPT: что получилось: Amazfit представила новую версию Zepp OS — операционной системы для смарт-часов. Главным нововведением стала интеграция наш...", "action_flag": 1, "change_message": "[{\"added\": {}}]"}}, {"model": "admin.logentry", "pk": 4, "fields": {"action_time": "2023-03-05T15:09:39.883Z", "user": 3, "content_type": 7, "object_id": "5", "object_repr": "Nissan Silvia S13: заниженный кабриолет, попавший в музей: В феврале 1951 года на Минском автомобильном заводе стартовало производство дизельного грузовика МАЗ-200.\r\n\r\nSilvia — спорт...", "action_flag": 1, "change_message": "[{\"added\": {}}]"}}, {"model": "admin.logentry", "pk": 5, "fields": {"action_time": "2023-03-05T15:11:40.271Z", "user": 3, "content_type": 7, "object_id": "1", "object_repr": "В Москве откроют 15 мемориальных досок: «До конца года в Москве установят 15 мемориальных досок. 10 из них будут посвящены героям Советского Союза. Доски размещают...", "action_flag": 2, "change_message": "[{\"changed\": {\"fields\": [\"Post title\", \"Post text\"]}}]"}}, {"model": "admin.logentry", "pk": 6, "fields": {"action_time": "2023-03-05T17:26:15.643Z", "user": 3, "content_type": 7, "object_id": "2", "object_repr": "новость№1: текст новости№1\r\n«Нехороший человек — редиска!»...", "action_flag": 2, "change_message": "[{\"changed\": {\"fields\": [\"Post text\"]}}]"}}, {"model": "admin.logentry", "pk": 7, "fields": {"action_time": "2023-03-05T17:56:59.343Z", "user": 3, "content_type": 8, "object_id": "5", "object_repr": "Москва", "action_flag": 1, "change_message": "[{\"added\": {}}]"}}, {"model": "admin.logentry", "pk": 8, "fields": {"action_time": "2023-03-05T17:57:31.929Z", "user": 3, "content_type": 9, "object_id": "5", "object_repr": "Москва", "action_flag": 2, "change_message": "[{\"changed\": {\"fields\": [\"Post\", \"Category\"]}}]"}}, {"model": "admin.logentry", "pk": 9, "fields": {"action_time": "2023-03-05T17:57:58.809Z", "user": 3, "content_type": 9, "object_id": "4", "object_repr": "техника", "action_flag": 2, "change_message": "[{\"changed\": {\"fields\": [\"Post\", \"Category\"]}}]"}}, {"model": "admin.logentry", "pk": 10, "fields": {"action_time": "2023-03-05T17:58:07.409Z", "user": 3, "content_type": 9, "object_id": "4", "object_repr": "техника", "action_flag": 2, "change_message": "[{\"changed\": {\"fields\": [\"Post\"]}}]"}}, {"model": "admin.logentry", "pk": 11, "fields": {"action_time": "2023-03-05T18:03:40.881Z", "user": 3, "content_type": 9, "object_id": "6", "object_repr": "PostCategory object (6)", "action_flag": 1, "change_message": "[{\"added\": {}}]"}}, {"model": "admin.logentry", "pk": 12, "fields": {"action_time": "2023-03-05T18:10:53.879Z", "user": 3, "content_type": 9, "object_id": "1", "object_repr": "техника: В Москве откроют 15 мемориальных досок", "action_flag": 3, "change_message": ""}}, {"model": "admin.logentry", "pk": 13, "fields": {"action_time": "2023-03-05T18:11:14.912Z", "user": 3, "content_type": 9, "object_id": "7", "object_repr": "спорт: новость№1", "action_flag": 1, "change_message": "[{\"added\": {}}]"}}, {"model": "admin.logentry", "pk": 14, "fields": {"action_time": "2023-03-05T18:11:21.231Z", "user": 3, "content_type": 9, "object_id": "8", "object_repr": "образование: новость№1", "action_flag": 1, "change_message": "[{\"added\": {}}]"}}, {"model": "admin.logentry", "pk": 15, "fields": {"action_time": "2023-03-05T18:11:47.967Z", "user": 3, "content_type": 7, "object_id": "3", "object_repr": "статья№1", "action_flag": 2, "change_message": "[{\"changed\": {\"fields\": [\"Post text\"]}}]"}}, {"model": "admin.logentry", "pk": 16, "fields": {"action_time": "2023-03-05T18:12:16.888Z", "user": 3, "content_type": 11, "object_id": "2", "object_repr": "Комментарий №1 к новости №1...", "action_flag": 2, "change_message": "[{\"changed\": {\"fields\": [\"Comment text\"]}}]"}}, {"model": "admin.logentry", "pk": 17, "fields": {"action_time": "2023-03-05T18:12:53.562Z", "user": 3, "content_type": 11, "object_id": "1", "object_repr": "Комментарий №1 к мемориальным доскам...", "action_flag": 2, "change_message": "[{\"changed\": {\"fields\": [\"Comment text\"]}}]"}}, {"model": "admin.logentry", "pk": 18, "fields": {"action_time": "2023-03-05T18:13:32.134Z", "user": 3, "content_type": 9, "object_id": "8", "object_repr": "образование: статья№1", "action_flag": 2, "change_message": "[{\"changed\": {\"fields\": [\"Post\"]}}]"}}, {"model": "admin.logentry", "pk": 19, "fields": {"action_time": "2023-03-12T17:13:51.793Z", "user": 3, "content_type": 7, "object_id": "6", "object_repr": "новая статья 1", "action_flag": 1, "change_message": "[{\"added\": {}}]"}}, {"model": "admin.logentry", "pk": 20, "fields": {"action_time": "2023-03-12T17:14:12.185Z", "user": 3, "content_type": 7, "object_id": "7", "object_repr": "новая статья 2", "action_flag": 1, "change_message": "[{\"added\": {}}]"}}, {"model": "admin.logentry", "pk": 21, "fields": {"action_time": "2023-03-12T17:14:28.633Z", "user": 3, "content_type": 7, "object_id": "8", "object_repr": "новая статья 3", "action_flag": 1, "change_message": "[{\"added\": {}}]"}}, {"model": "admin.logentry", "pk": 22, "fields": {"action_time": "2023-03-12T17:14:50.712Z", "user": 3, "content_type": 7, "object_id": "9", "object_repr": "новая статья 4", "action_flag": 1, "change_message": "[{\"added\": {}}]"}}, {"model": "admin.logentry", "pk": 23, "fields": {"action_time": "2023-03-12T17:15:05.233Z", "user": 3, "content_type": 7, "object_id": "10", "object_repr": "новая статья 5", "action_flag": 1, "change_message": "[{\"added\": {}}]"}}, {"model": "admin.logentry", "pk": 24, "fields": {"action_time": "2023-03-18T19:54:10.880Z", "user": 3, "content_type": 3, "object_id": "1", "object_repr": "common users", "action_flag": 1, "change_message": "[{\"added\": {}}]"}}, {"model": "admin.logentry", "pk": 25, "fields": {"action_time": "2023-03-18T19:55:29.338Z", "user": 3, "content_type": 3, "object_id": "1", "object_repr": "common users", "action_flag": 2, "change_message": "[{\"changed\": {\"fields\": [\"Permissions\"]}}]"}}, {"model": "admin.logentry", "pk": 26, "fields": {"action_time": "2023-03-18T20:34:44.644Z", "user": 3, "content_type": 3, "object_id": "2", "object_repr": "Авторы", "action_flag": 1, "change_message": "[{\"added\": {}}]"}}, {"model": "admin.logentry", "pk": 27, "fields": {"action_time": "2023-03-18T20:36:00.507Z", "user": 3, "content_type": 3, "object_id": "3", "object_repr": "модератор", "action_flag": 1, "change_message": "[{\"added\": {}}]"}}, {"model": "admin.logentry", "pk": 28, "fields": {"action_time": "2023-03-18T20:36:14.721Z", "user": 3, "content_type": 3, "object_id": "3", "object_repr": "Модераторы", "action_flag": 2, "change_message": "[{\"changed\": {\"fields\": [\"Name\"]}}]"}}, {"model": "admin.logentry", "pk": 29, "fields": {"action_time": "2023-03-18T20:36:45.007Z", "user": 3, "content_type": 4, "object_id": "3", "object_repr": "admin", "action_flag": 2, "change_message": "[{\"changed\": {\"fields\": [\"Groups\", \"User permissions\"]}}]"}}, {"model": "admin.logentry", "pk": 30, "fields": {"action_time": "2023-03-18T20:37:00.810Z", "user": 3, "content_type": 4, "object_id": "1", "object_repr": "Andrew", "action_flag": 2, "change_message": "[{\"changed\": {\"fields\": [\"Groups\"]}}]"}}, {"model": "admin.logentry", "pk": 31, "fields": {"action_time": "2023-03-18T20:37:32.479Z", "user": 3, "content_type": 4, "object_id": "2", "object_repr": "Nik", "action_flag": 2, "change_message": "[{\"changed\": {\"fields\": [\"Groups\"]}}]"}}, {"model": "admin.logentry", "pk": 32, "fields": {"action_time": "2023-03-18T20:37:57.990Z", "user": 3, "content_type": 4, "object_id": "2", "object_repr": "Nik", "action_flag": 2, "change_message": "[{\"changed\": {\"fields\": [\"password\"]}}]"}}, {"model": "admin.logentry", "pk": 33, "fields": {"action_time": "2023-03-18T20:38:19.832Z", "user": 3, "content_type": 4, "object_id": "1", "object_repr": "Andrew", "action_flag": 2, "change_message": "[{\"changed\": {\"fields\": [\"password\"]}}]"}}, {"model": "admin.logentry", "pk": 34, "fields": {"action_time": "2023-03-18T21:11:02.109Z", "user": 3, "content_type": 4, "object_id": "1", "object_repr": "Andrew", "action_flag": 2, "change_message": "[{\"changed\": {\"fields\": [\"Email address\"]}}]"}}, {"model": "admin.logentry", "pk": 35, "fields": {"action_time": "2023-03-18T21:11:17.978Z", "user": 3, "content_type": 4, "object_id": "2", "object_repr": "Nik", "action_flag": 2, "change_message": "[{\"changed\": {\"fields\": [\"Email address\"]}}]"}}, {"model": "admin.logentry", "pk": 36, "fields": {"action_time": "2023-03-19T13:55:28.031Z", "user": 3, "content_type": 4, "object_id": "1", "object_repr": "Andrew", "action_flag": 2, "change_message": "[{\"changed\": {\"fields\": [\"Groups\"]}}]"}}, {"model": "admin.logentry", "pk": 37, "fields": {"action_time": "2023-03-19T13:55:38.882Z", "user": 3, "content_type": 4, "object_id": "2", "object_repr": "Nik", "action_flag": 2, "change_message": "[{\"changed\": {\"fields\": [\"Groups\"]}}]"}}, {"model": "admin.logentry", "pk": 38, "fields": {"action_time": "2023-03-19T13:56:44.903Z", "user": 3, "content_type": 3, "object_id": "2", "object_repr": "Авторы", "action_flag": 2, "change_message": "[{\"changed\": {\"fields\": [\"Permissions\"]}}]"}}, {"model": "admin.logentry", "pk": 39, "fields": {"action_time": "2023-03-19T13:56:59.567Z", "user": 3, "content_type": 3, "object_id": "1", "object_repr": "common users", "action_flag": 2, "change_message": "[{\"changed\": {\"fields\": [\"Permissions\"]}}]"}}, {"model": "admin.logentry", "pk": 40, "fields": {"action_time": "2023-03-19T16:09:55.359Z", "user": 3, "content_type": 17, "object_id": "1", "object_repr": "test", "action_flag": 1, "change_message": "[{\"added\": {}}]"}}, {"model": "admin.logentry", "pk": 41, "fields": {"action_time": "2023-03-19T16:11:26.654Z", "user": 3, "content_type": 4, "object_id": "5", "object_repr": "GennadiiIG", "action_flag": 2, "change_message": "[{\"changed\": {\"fields\": [\"Groups\"]}}]"}}, {"model": "admin.logentry", "pk": 42, "fields": {"action_time": "2023-03-19T16:11:51.801Z", "user": 3, "content_type": 3, "object_id": "3", "object_repr": "Модераторы", "action_flag": 2, "change_message": "[{\"changed\": {\"fields\": [\"Permissions\"]}}]"}}, {"model": "admin.logentry", "pk": 43, "fields": {"action_time": "2023-03-19T16:48:02.418Z", "user": 3, "content_type": 3, "object_id": "2", "object_repr": "Avtors", "action_flag": 2, "change_message": "[{\"changed\": {\"fields\": [\"Name\"]}}]"}}, {"model": "admin.logentry", "pk": 44, "fields": {"action_time": "2023-03-19T16:48:18.624Z", "user": 3, "content_type": 3, "object_id": "3", "object_repr": "Moderators", "action_flag": 2, "change_message": "[{\"changed\": {\"fields\": [\"Name\"]}}]"}}, {"model": "admin.logentry", "pk": 45, "fields": {"action_time": "2023-03-22T20:35:40.720Z", "user": 3, "content_type": 3, "object_id": "2", "object_repr": "Authors", "action_flag": 2, "change_message": "[{\"changed\": {\"fields\": [\"Name\"]}}]"}}, {"model": "admin.logentry", "pk": 46, "fields": {"action_time": "2023-04-12T18:26:44.339Z", "user": 3, "content_type": 7, "object_id": "120", "object_repr": "123В марте продано рекордное количество «Москвичей»", "action_flag": 2, "change_message": "[{\"changed\": {\"fields\": [\"Post title\"]}}]"}}, {"model": "admin.logentry", "pk": 47, "fields": {"action_time": "2023-04-12T18:39:29.437Z", "user": 3, "content_type": 7, "object_id": "120", "object_repr": "В марте продано рекордное количество «Москвичей»", "action_flag": 2, "change_message": "[{\"changed\": {\"fields\": [\"Post title\"]}}]"}}, {"model": "auth.permission", "pk": 1, "fields": {"name": "Can add log entry", "content_type": 1, "codename": "add_logentry"}}, {"model": "auth.permission", "pk": 2, "fields": {"name": "Can change log entry", "content_type": 1, "codename": "change_logentry"}}, {"model": "auth.permission", "pk": 3, "fields": {"name": "Can delete log entry", "content_type": 1, "codename": "delete_logentry"}}, {"model": "auth.permission", "pk": 4, "fields": {"name": "Can view log entry", "content_type": 1, "codename": "view_logentry"}}, {"model": "auth.permission", "pk": 5, "fields": {"name": "Can add permission", "content_type": 2, "codename": "add_permission"}}, {"model": "auth.permission", "pk": 6, "fields": {"name": "Can change permission", "content_type": 2, "codename": "change_permission"}}, {"model": "auth.permission", "pk": 7, "fields": {"name": "Can delete permission", "content_type": 2, "codename": "delete_permission"}}, {"model": "auth.permission", "pk": 8, "fields": {"name": "Can view permission", "content_type": 2, "codename": "view_permission"}}, {"model": "auth.permission", "pk": 9, "fields": {"name": "Can add group", "content_type": 3, "codename": "add_group"}}, {"model": "auth.permission", "pk": 10, "fields": {"name": "Can change group", "content_type": 3, "codename": "change_group"}}, {"model": "auth.permission", "pk": 11, "fields": {"name": "Can delete group", "content_type": 3, "codename": "delete_group"}}, {"model": "auth.permission", "pk": 12, "fields": {"name": "Can view group", "content_type": 3, "codename": "view_group"}}, {"model": "auth.permission", "pk": 13, "fields": {"name": "Can add user", "content_type": 4, "codename": "add_user"}}, {"model": "auth.permission", "pk": 14, "fields": {"name": "Can change user", "content_type": 4, "codename": "change_user"}}, {"model": "auth.permission", "pk": 15, "fields": {"name": "Can delete user", "content_type": 4, "codename": "delete_user"}}, {"model": "auth.permission", "pk": 16, "fields": {"name": "Can view user", "content_type": 4, "codename": "view_user"}}, {"model": "auth.permission", "pk": 17, "fields": {"name": "Can add content type", "content_type": 5, "codename": "add_contenttype"}}, {"model": "auth.permission", "pk": 18, "fields": {"name": "Can change content type", "content_type": 5, "codename": "change_contenttype"}}, {"model": "auth.permission", "pk": 19, "fields": {"name": "Can delete content type", "content_type": 5, "codename": "delete_contenttype"}}, {"model": "auth.permission", "pk": 20, "fields": {"name": "Can view content type", "content_type": 5, "codename": "view_contenttype"}}, {"model": "auth.permission", "pk": 21, "fields": {"name": "Can add session", "content_type": 6, "codename": "add_session"}}, {"model": "auth.permission", "pk": 22, "fields": {"name": "Can change session", "content_type": 6, "codename": "change_session"}}, {"model": "auth.permission", "pk": 23, "fields": {"name": "Can delete session", "content_type": 6, "codename": "delete_session"}}, {"model": "auth.permission", "pk": 24, "fields": {"name": "Can view session", "content_type": 6, "codename": "view_session"}}, {"model": "auth.permission", "pk": 25, "fields": {"name": "Can add post", "content_type": 7, "codename": "add_post"}}, {"model": "auth.permission", "pk": 26, "fields": {"name": "Can change post", "content_type": 7, "codename": "change_post"}}, {"model": "auth.permission", "pk": 27, "fields": {"name": "Can delete post", "content_type": 7, "codename": "delete_post"}}, {"model": "auth.permission", "pk": 28, "fields": {"name": "Can view post", "content_type": 7, "codename": "view_post"}}, {"model": "auth.permission", "pk": 29, "fields": {"name": "Can add category", "content_type": 8, "codename": "add_category"}}, {"model": "auth.permission", "pk": 30, "fields": {"name": "Can change category", "content_type": 8, "codename": "change_category"}}, {"model": "auth.permission", "pk": 31, "fields": {"name": "Can delete category", "content_type": 8, "codename": "delete_category"}}, {"model": "auth.permission", "pk": 32, "fields": {"name": "Can view category", "content_type": 8, "codename": "view_category"}}, {"model": "auth.permission", "pk": 33, "fields": {"name": "Can add post category", "content_type": 9, "codename": "add_postcategory"}}, {"model": "auth.permission", "pk": 34, "fields": {"name": "Can change post category", "content_type": 9, "codename": "change_postcategory"}}, {"model": "auth.permission", "pk": 35, "fields": {"name": "Can delete post category", "content_type": 9, "codename": "delete_postcategory"}}, {"model": "auth.permission", "pk": 36, "fields": {"name": "Can view post category", "content_type": 9, "codename": "view_postcategory"}}, {"model": "auth.permission", "pk": 37, "fields": {"name": "Can add author", "content_type": 10, "codename": "add_author"}}, {"model": "auth.permission", "pk": 38, "fields": {"name": "Can change author", "content_type": 10, "codename": "change_author"}}, {"model": "auth.permission", "pk": 39, "fields": {"name": "Can delete author", "content_type": 10, "codename": "delete_author"}}, {"model": "auth.permission", "pk": 40, "fields": {"name": "Can view author", "content_type": 10, "codename": "view_author"}}, {"model": "auth.permission", "pk": 41, "fields": {"name": "Can add comment", "content_type": 11, "codename": "add_comment"}}, {"model": "auth.permission", "pk": 42, "fields": {"name": "Can change comment", "content_type": 11, "codename": "change_comment"}}, {"model": "auth.permission", "pk": 43, "fields": {"name": "Can delete comment", "content_type": 11, "codename": "delete_comment"}}, {"model": "auth.permission", "pk": 44, "fields": {"name": "Can view comment", "content_type": 11, "codename": "view_comment"}}, {"model": "auth.permission", "pk": 45, "fields": {"name": "Can add site", "content_type": 12, "codename": "add_site"}}, {"model": "auth.permission", "pk": 46, "fields": {"name": "Can change site", "content_type": 12, "codename": "change_site"}}, {"model": "auth.permission", "pk": 47, "fields": {"name": "Can delete site", "content_type": 12, "codename": "delete_site"}}, {"model": "auth.permission", "pk": 48, "fields": {"name": "Can view site", "content_type": 12, "codename": "view_site"}}, {"model": "auth.permission", "pk": 49, "fields": {"name": "Can add flat page", "content_type": 13, "codename": "add_flatpage"}}, {"model": "auth.permission", "pk": 50, "fields": {"name": "Can change flat page", "content_type": 13, "codename": "change_flatpage"}}, {"model": "auth.permission", "pk": 51, "fields": {"name": "Can delete flat page", "content_type": 13, "codename": "delete_flatpage"}}, {"model": "auth.permission", "pk": 52, "fields": {"name": "Can view flat page", "content_type": 13, "codename": "view_flatpage"}}, {"model": "auth.permission", "pk": 53, "fields": {"name": "Can add email address", "content_type": 14, "codename": "add_emailaddress"}}, {"model": "auth.permission", "pk": 54, "fields": {"name": "Can change email address", "content_type": 14, "codename": "change_emailaddress"}}, {"model": "auth.permission", "pk": 55, "fields": {"name": "Can delete email address", "content_type": 14, "codename": "delete_emailaddress"}}, {"model": "auth.permission", "pk": 56, "fields": {"name": "Can view email address", "content_type": 14, "codename": "view_emailaddress"}}, {"model": "auth.permission", "pk": 57, "fields": {"name": "Can add email confirmation", "content_type": 15, "codename": "add_emailconfirmation"}}, {"model": "auth.permission", "pk": 58, "fields": {"name": "Can change email confirmation", "content_type": 15, "codename": "change_emailconfirmation"}}, {"model": "auth.permission", "pk": 59, "fields": {"name": "Can delete email confirmation", "content_type": 15, "codename": "delete_emailconfirmation"}}, {"model": "auth.permission", "pk": 60, "fields": {"name": "Can view email confirmation", "content_type": 15, "codename": "view_emailconfirmation"}}, {"model": "auth.permission", "pk": 61, "fields": {"name": "Can add social account", "content_type": 16, "codename": "add_socialaccount"}}, {"model": "auth.permission", "pk": 62, "fields": {"name": "Can change social account", "content_type": 16, "codename": "change_socialaccount"}}, {"model": "auth.permission", "pk": 63, "fields": {"name": "Can delete social account", "content_type": 16, "codename": "delete_socialaccount"}}, {"model": "auth.permission", "pk": 64, "fields": {"name": "Can view social account", "content_type": 16, "codename": "view_socialaccount"}}, {"model": "auth.permission", "pk": 65, "fields": {"name": "Can add social application", "content_type": 17, "codename": "add_socialapp"}}, {"model": "auth.permission", "pk": 66, "fields": {"name": "Can change social application", "content_type": 17, "codename": "change_socialapp"}}, {"model": "auth.permission", "pk": 67, "fields": {"name": "Can delete social application", "content_type": 17, "codename": "delete_socialapp"}}, {"model": "auth.permission", "pk": 68, "fields": {"name": "Can view social application", "content_type": 17, "codename": "view_socialapp"}}, {"model": "auth.permission", "pk": 69, "fields": {"name": "Can add social application token", "content_type": 18, "codename": "add_socialtoken"}}, {"model": "auth.permission", "pk": 70, "fields": {"name": "Can change social application token", "content_type": 18, "codename": "change_socialtoken"}}, {"model": "auth.permission", "pk": 71, "fields": {"name": "Can delete social application token", "content_type": 18, "codename": "delete_socialtoken"}}, {"model": "auth.permission", "pk": 72, "fields": {"name": "Can view social application token", "content_type": 18, "codename": "view_socialtoken"}}, {"model": "auth.permission", "pk": 73, "fields": {"name": "Can add subscription", "content_type": 19, "codename": "add_subscription"}}, {"model": "auth.permission", "pk": 74, "fields": {"name": "Can change subscription", "content_type": 19, "codename": "change_subscription"}}, {"model": "auth.permission", "pk": 75, "fields": {"name": "Can delete subscription", "content_type": 19, "codename": "delete_subscription"}}, {"model": "auth.permission", "pk": 76, "fields": {"name": "Can view subscription", "content_type": 19, "codename": "view_subscription"}}, {"model": "auth.permission", "pk": 77, "fields": {"name": "Can add django job", "content_type": 20, "codename": "add_djangojob"}}, {"model": "auth.permission", "pk": 78, "fields": {"name": "Can change django job", "content_type": 20, "codename": "change_djangojob"}}, {"model": "auth.permission", "pk": 79, "fields": {"name": "Can delete django job", "content_type": 20, "codename": "delete_djangojob"}}, {"model": "auth.permission", "pk": 80, "fields": {"name": "Can view django job", "content_type": 20, "codename": "view_djangojob"}}, {"model": "auth.permission", "pk": 81, "fields": {"name": "Can add django job execution", "content_type": 21, "codename": "add_djangojobexecution"}}, {"model": "auth.permission", "pk": 82, "fields": {"name": "Can change django job execution", "content_type": 21, "codename": "change_djangojobexecution"}}, {"model": "auth.permission", "pk": 83, "fields": {"name": "Can delete django job execution", "content_type": 21, "codename": "delete_djangojobexecution"}}, {"model": "auth.permission", "pk": 84, "fields": {"name": "Can view django job execution", "content_type": 21, "codename": "view_djangojobexecution"}}, {"model": "auth.group", "pk": 1, "fields": {"name": "common users", "permissions": [41, 42, 43]}}, {"model": "auth.group", "pk": 2, "fields": {"name": "Authors", "permissions": [41, 42, 43, 25, 26, 27]}}, {"model": "auth.group", "pk": 3, "fields": {"name": "Moderators", "permissions": [42, 43, 26, 27]}}, {"model": "auth.user", "pk": 1, "fields": {"password": "pbkdf2_sha256$390000$oF1WpDwbDvc6ZUWUvJ7Moh$JKdUgd3dT7mXz9ozZXFQMawMS09KvwR6RQh89+OZJmQ=", "last_login": "2023-04-12T18:25:57.162Z", "is_superuser": false, "username": "Andrew", "first_name": "Андрей", "last_name": "В.", "email": "andrew@mail.ru", "is_staff": false, "is_active": true, "date_joined": "2023-02-25T18:57:34Z", "groups": [2], "user_permissions": []}}, {"model": "auth.user", "pk": 2, "fields": {"password": "pbkdf2_sha256$390000$WFSZH4HCJz7In4kSuvZiSK$ASMOxa5LOXzz46aincJKs2QwUesVLJt+9B9xClQTJ78=", "last_login": "2023-03-19T13:57:23.762Z", "is_superuser": false, "username": "Nik", "first_name": "", "last_name": "", "email": "nik@mail.ru", "is_staff": false, "is_active": true, "date_joined": "2023-02-25T18:57:52Z", "groups": [2], "user_permissions": []}}, {"model": "auth.user", "pk": 3, "fields": {"password": "pbkdf2_sha256$390000$jVbEDu7hp38vf28GqTjrGT$mwXzBJyyEH+PJdDX/MLV9oZauu0d+m1DzxcaSiU1Gho=", "last_login": "2023-04-12T18:26:33.082Z", "is_superuser": true, "username": "admin", "first_name": "", "last_name": "", "email": "", "is_staff": true, "is_active": true, "date_joined": "2023-03-03T20:13:20Z", "groups": [1, 2, 3], "user_permissions": [37, 38, 39, 40, 29, 30, 31, 32, 41, 42, 43, 44, 25, 26, 27, 28, 33, 34, 35, 36, 53, 54, 55, 56, 57, 58, 59, 60, 1, 2, 3, 4, 9, 10, 11, 12, 5, 6, 7, 8, 13, 14, 15, 16, 17, 18, 19, 20, 49, 50, 51, 52, 21, 22, 23, 24, 45, 46, 47, 48, 61, 62, 63, 64, 65, 66, 67, 68, 69, 70, 71, 72]}}, {"model": "auth.user", "pk": 4, "fields": {"password": "pbkdf2_sha256$390000$zFnNGo2XD9T5bMBIOmA3Rd$wp7mKY/isiVqxYgJTnL85BFlsLYsEnlesz5rf2WYsyA=", "last_login": "2023-03-19T15:43:05.682Z", "is_superuser": false, "username": "user1", "first_name": "", "last_name": "", "email": "user1@mail.ru", "is_staff": false, "is_active": true, "date_joined": "2023-03-18T20:26:33.709Z", "groups": [1], "user_permissions": []}}, {"model": "auth.user", "pk": 5, "fields": {"password": "!PpgC7gGfH3SSG9bRk4s155of0bzYaxSXjrzRYgYW", "last_login": "2023-03-29T19:02:59.121Z", "is_superuser": false, "username": "GennadiiIG", "first_name": "Геннадий", "last_name": "Гавриленко", "email": "GennadiiIG@yandex.ru", "is_staff": false, "is_active": true, "date_joined": "2023-03-19T16:10:41Z", "groups": [3], "user_permissions": []}}, {"model": "contenttypes.contenttype", "pk": 1, "fields": {"app_label": "admin", "model": "logentry"}}, {"model": "contenttypes.contenttype", "pk": 2, "fields": {"app_label": "auth", "model": "permission"}}, {"model": "contenttypes.contenttype", "pk": 3, "fields": {"app_label": "auth", "model": "group"}}, {"model": "contenttypes.contenttype", "pk": 4, "fields": {"app_label": "auth", "model": "user"}}, {"model": "contenttypes.contenttype", "pk": 5, "fields": {"app_label": "contenttypes", "model": "contenttype"}}, {"model": "contenttypes.contenttype", "pk": 6, "fields": {"app_label": "sessions", "model": "session"}}, {"model": "contenttypes.contenttype", "pk": 7, "fields": {"app_label": "NPbd", "model": "post"}}, {"model": "contenttypes.contenttype", "pk": 8, "fields": {"app_label": "NPbd", "model": "category"}}, {"model": "contenttypes.contenttype", "pk": 9, "fields": {"app_label": "NPbd", "model": "postcategory"}}, {"model": "contenttypes.contenttype", "pk": 10, "fields": {"app_label": "NPbd", "model": "author"}}, {"model": "contenttypes.contenttype", "pk": 11, "fields": {"app_label": "NPbd", "model": "comment"}}, {"model": "contenttypes.contenttype", "pk": 12, "fields": {"app_label": "sites", "model": "site"}}, {"model": "contenttypes.contenttype", "pk": 13, "fields": {"app_label": "flatpages", "model": "flatpage"}}, {"model": "contenttypes.contenttype", "pk": 14, "fields": {"app_label": "account", "model": "emailaddress"}}, {"model": "contenttypes.contenttype", "pk": 15, "fields": {"app_label": "account", "model": "emailconfirmation"}}, {"model": "contenttypes.contenttype", "pk": 16, "fields": {"app_label": "socialaccount", "model": "socialaccount"}}, {"model": "contenttypes.contenttype", "pk": 17, "fields": {"app_label": "socialaccount", "model": "socialapp"}}, {"model": "contenttypes.contenttype", "pk": 18, "fields": {"app_label": "socialaccount", "model": "socialtoken"}}, {"model": "contenttypes.contenttype", "pk": 19, "fields": {"app_label": "NPbd", "model": "subscription"}}, {"model": "contenttypes.contenttype", "pk": 20, "fields": {"app_label": "django_apscheduler", "model": "djangojob"}}, {"model": "contenttypes.contenttype", "pk": 21, "fields": {"app_label": "django_apscheduler", "model": "djangojobexecution"}}, {"model": "sessions.session", "pk": "0cfcaohs9fca6p4at2kgdaf64j9oi1q9", "fields": {"session_data": ".eJxVjUsOgjAQhu_StSH0NaXs9CLNMA6hkRRDS6Ix3l1qWOjyf34vEXArU9gyryFeRS-kOP16A9KNUw1wnqvdINGypdJ8O0ecm_OuOJVIWOKSLsfq72rCPFVA17EGYHRGWTt6Qyi9aoGs1haAiMbROyO9HBQo7R1wS4SgnB5sh7qeZs55xwR-3OP6FH37_gCE_kKi:1piJxT:GvClqdRxjCdNxhYBw7i-VDIz4r987LniQdIZYZdI-cM", "expire_date": "2023-04-14T18:58:43.498Z"}}, {"model": "sessions.session", "pk": "1kdp9x4dvyus6aarpag0zodxwq8m6edz", "fields": {"session_data": ".eJxVjDEOwjAMRe-SGUWyE6cJIztnqBw7JQXUSk07Ie4OlTrA-t97_2V63tbab60s_ajmbJw5_W6Z5VGmHeidp9tsZZ7WZcx2V-xBm73OWp6Xw_07qNzqt06YMEBBiDQAeC9EKKLZg5CPgQOoknhyoRu6jKgCCQamEghdDMW8P7xkNxU:1pbPFr:5cMcAP3bq4Z5C0smK3TK_awGiRiwDRD4jPTc-2g7Buk", "expire_date": "2023-03-26T17:13:07.393Z"}}, {"model": "sessions.session", "pk": "75e527yvlil3myjvycia0r05ubqapo1k", "fields": {"session_data": ".eJxVjDEOwjAMRe-SGUWyE6cJIztnqBw7JQXUSk07Ie4OlTrA-t97_2V63tbab60s_ajmbJw5_W6Z5VGmHeidp9tsZZ7WZcx2V-xBm73OWp6Xw_07qNzqt06YMEBBiDQAeC9EKKLZg5CPgQOoknhyoRu6jKgCCQamEghdDMW8P7xkNxU:1pY8yf:Ie2sjR-uJX_Ta6grjrxmRnXOhWepog4pZWGuv8SPGM0", "expire_date": "2023-03-17T20:13:53.961Z"}}, {"model": "sessions.session", "pk": "76ltvojqqbrbo41rir29x3pcp42cts6j", "fields": {"session_data": ".eJxVjDEOwjAMRe-SGUWyE6cJIztnqBw7JQXUSk07Ie4OlTrA-t97_2V63tbab60s_ajmbJw5_W6Z5VGmHeidp9tsZZ7WZcx2V-xBm73OWp6Xw_07qNzqt06YMEBBiDQAeC9EKKLZg5CPgQOoknhyoRu6jKgCCQamEghdDMW8P7xkNxU:1pYo6F:wf-LiYtgQKco-TXYPyceG6Gzk_7iYs0ZoUaprivUE9U", "expire_date": "2023-03-19T13:08:27.909Z"}}, {"model": "sessions.session", "pk": "a45f6dbn74v2m5qiitjv5j11itt6n6gq", "fields": {"session_data": ".eJxVjDEOwjAMRe-SGUWyE6cJIztnqBw7JQXUSk07Ie4OlTrA-t97_2V63tbab60s_ajmbJw5_W6Z5VGmHeidp9tsZZ7WZcx2V-xBm73OWp6Xw_07qNzqt06YMEBBiDQAeC9EKKLZg5CPgQOoknhyoRu6jKgCCQamEghdDMW8P7xkNxU:1pmfAv:4yXm3te-ecZWnR7ye7d3-EcjyAQdaFa-CwBT7-2oozg", "expire_date": "2023-04-26T18:26:33.114Z"}}, {"model": "sessions.session", "pk": "cdlvkzi3jc702in3ehaoz7576zekaim7", "fields": {"session_data": ".eJxVjUsOgjAQhu_StSH0NaXs9CLNMA6hkRRDS6Ix3l1qWOjyf34vEXArU9gyryFeRS-kOP16A9KNUw1wnqvdINGypdJ8O0ecm_OuOJVIWOKSLsfq72rCPFVA17EGYHRGWTt6Qyi9aoGs1haAiMbROyO9HBQo7R1wS4SgnB5sh7qeZs55xwR-3OP6FH37_gCE_kKi:1pkUJ2:TL7DuZSwQOEHRJDsdi87Dc-Q31LQD9lecLVhoZNRpz4", "expire_date": "2023-04-20T18:25:56.216Z"}}, {"model": "sessions.session", "pk": "edx2wg7eptnx74hke122ks9topozpk9e", "fields": {"session_data": ".eJxVjDEOwjAMRe-SGUWyE6cJIztnqBw7JQXUSk07Ie4OlTrA-t97_2V63tbab60s_ajmbJw5_W6Z5VGmHeidp9tsZZ7WZcx2V-xBm73OWp6Xw_07qNzqt06YMEBBiDQAeC9EKKLZg5CPgQOoknhyoRu6jKgCCQamEghdDMW8P7xkNxU:1pYYiJ:vMWsokhiatJn1fXvTAOQzRdpvhdY3TSh1MutsLcNUEA", "expire_date": "2023-03-18T20:42:43.852Z"}}, {"model": "sessions.session", "pk": "gshj734mbpwrvfma2ezc925i2jliirdf", "fields": {"session_data": ".eJxVjUsOgjAQhu_StSH0NaXs9CLNMA6hkRRDS6Ix3l1qWOjyf34vEXArU9gyryFeRS-kOP16A9KNUw1wnqvdINGypdJ8O0ecm_OuOJVIWOKSLsfq72rCPFVA17EGYHRGWTt6Qyi9aoGs1haAiMbROyO9HBQo7R1wS4SgnB5sh7qeZs55xwR-3OP6FH37_gCE_kKi:1pizx1:zQCgtR7uwQXIAhfP_TVIINR_cs-GdUkkK_bjLMzHNKg", "expire_date": "2023-04-16T15:49:03.746Z"}}, {"model": "sessions.session", "pk": "jdn4z9cyqqieb51f9tk10z1tht5ewcgw", "fields": {"session_data": ".eJxVjUsOgjAQhu_StSH0NaXs9CLNMA6hkRRDS6Ix3l1qWOjyf34vEXArU9gyryFeRS-kOP16A9KNUw1wnqvdINGypdJ8O0ecm_OuOJVIWOKSLsfq72rCPFVA17EGYHRGWTt6Qyi9aoGs1haAiMbROyO9HBQo7R1wS4SgnB5sh7qeZs55xwR-3OP6FH37_gCE_kKi:1peftQ:j-jATp46dBf1tx19vbN5RXhx8YcNHCCPtCwVJgXhn8c", "expire_date": "2023-04-04T17:35:28.072Z"}}, {"model": "sessions.session", "pk": "jz53lt00ug886wcupe2ic8fsmxi9813m", "fields": {"session_data": ".eJxVjEsOAiEQRO_C2pBWhp87vQhpGgjECZMIrIx3lzGz0GXVq1cv5nD07EaLT1cCuzLJTr-dR3rEugNc173mSLSN2vl3c-DGbzPF2gthL1u9H9bfVcaW548AsN4TCntRKWkjvU-WkDQpMH4JYCBpZRcyEijFgDadg9AqTsOiAvb-ANOqPOo:1peMqF:hIw-a9oc1z-8i_zqxeuGFkeTvQ1gXlr01_c3G-I8E-Q", "expire_date": "2023-04-03T21:14:55.656Z"}}, {"model": "sessions.session", "pk": "ob7i6wwpfku8cjcumqseg8ph1ufux7jj", "fields": {"session_data": ".eJxVjUsOgjAQhu_StSH0NaXs9CLNMA6hkRRDS6Ix3l1qWOjyf34vEXArU9gyryFeRS-kOP16A9KNUw1wnqvdINGypdJ8O0ecm_OuOJVIWOKSLsfq72rCPFVA17EGYHRGWTt6Qyi9aoGs1haAiMbROyO9HBQo7R1wS4SgnB5sh7qeZs55xwR-3OP6FH37_gCE_kKi:1pdevy:k2gARA6JFflOhYdC0KyDJ3TBTOjS7ig2r_8-J2RAEfI", "expire_date": "2023-04-01T22:21:54.532Z"}}, {"model": "sessions.session", "pk": "q8sq27a6qzxkwispvhd426ug9dvscr3f", "fields": {"session_data": ".eJxVjUsOgjAQhu_StSH0NaXs9CLNMA6hkRRDS6Ix3l1qWOjyf34vEXArU9gyryFeRS-kOP16A9KNUw1wnqvdINGypdJ8O0ecm_OuOJVIWOKSLsfq72rCPFVA17EGYHRGWTt6Qyi9aoGs1haAiMbROyO9HBQo7R1wS4SgnB5sh7qeZs55xwR-3OP6FH37_gCE_kKi:1pf5Bl:ILJ4nLpKbFpdUtHcmq0VmaWkqdZLzI89p9zpFAlEA5k", "expire_date": "2023-04-05T20:36:05.287Z"}}, {"model": "sessions.session", "pk": "tkjtu1jj77bvonaa70dcweh45t9uwxf9", "fields": {"session_data": ".eJxVjUsOgjAQhu_StSH0NaXs9CLNMA6hkRRDS6Ix3l1qWOjyf34vEXArU9gyryFeRS-kOP16A9KNUw1wnqvdINGypdJ8O0ecm_OuOJVIWOKSLsfq72rCPFVA17EGYHRGWTt6Qyi9aoGs1haAiMbROyO9HBQo7R1wS4SgnB5sh7qeZs55xwR-3OP6FH37_gCE_kKi:1pgV3v:1Dr55YPxvHW7_-Dc15Rygf04HPBuiDRumcjVuG7MRqw", "expire_date": "2023-04-09T18:25:51.091Z"}}, {"model": "sessions.session", "pk": "urehiyglv7ci4lnzct3vs92tmn7qtulq", "fields": {"session_data": ".eJxVjDEOwjAMRe-SGUWyE6cJIztnqBw7JQXUSk07Ie4OlTrA-t97_2V63tbab60s_ajmbJw5_W6Z5VGmHeidp9tsZZ7WZcx2V-xBm73OWp6Xw_07qNzqt06YMEBBiDQAeC9EKKLZg5CPgQOoknhyoRu6jKgCCQamEghdDMW8P7xkNxU:1pdvYG:amTyMwCzzQn0MEq5s6arARqK4RZ40dllKDrqm2V4VoQ", "expire_date": "2023-04-02T16:06:32.590Z"}}, {"model": "sessions.session", "pk": "uxstcitp85htnobsrnnhgou3m3di92e4", "fields": {"session_data": ".eJxVjUsOgjAQhu_StSH0NaXs9CLNMA6hkRRDS6Ix3l1qWOjyf34vEXArU9gyryFeRS-kOP16A9KNUw1wnqvdINGypdJ8O0ecm_OuOJVIWOKSLsfq72rCPFVA17EGYHRGWTt6Qyi9aoGs1haAiMbROyO9HBQo7R1wS4SgnB5sh7qeZs55xwR-3OP6FH37_gCE_kKi:1pk8fZ:LK8I0nhTXAUnBVcCGK_UTetobhkDlv4o6ZswYok6d_4", "expire_date": "2023-04-19T19:19:45.828Z"}}, {"model": "sessions.session", "pk": "vdh80y7s43hwr9efj9g0t5rgkmt6ewrb", "fields": {"session_data": ".eJxVjUsOgjAQhu_StSH0NaXs9CLNMA6hkRRDS6Ix3l1qWOjyf34vEXArU9gyryFeRS-kOP16A9KNUw1wnqvdINGypdJ8O0ecm_OuOJVIWOKSLsfq72rCPFVA17EGYHRGWTt6Qyi9aoGs1haAiMbROyO9HBQo7R1wS4SgnB5sh7qeZs55xwR-3OP6FH37_gCE_kKi:1phGyP:ei5aAdzkh1kDdcYl__GpoWchAYkypxSQ6vs3CSIb7AM", "expire_date": "2023-04-11T21:35:21.303Z"}}, {"model": "sessions.session", "pk": "yq5c5xj6ypk3hqevxcfd9brp16x78wde", "fields": {"session_data": ".eJxVjUsOgjAQhu_StSH0NaXs9CLNMA6hkRRDS6Ix3l1qWOjyf34vEXArU9gyryFeRS-kOP16A9KNUw1wnqvdINGypdJ8O0ecm_OuOJVIWOKSLsfq72rCPFVA17EGYHRGWTt6Qyi9aoGs1haAiMbROyO9HBQo7R1wS4SgnB5sh7qeZs55xwR-3OP6FH37_gCE_kKi:1phb6q:IgWgNBZVz0q4GgDPmLud-wEePFxV-rfenaiUWrT8pto", "expire_date": "2023-04-12T19:05:24.332Z"}}, {"model": "sites.site", "pk": 0, "fields": {"domain": "example.com", "name": "example.com"}}, {"model": "sites.site", "pk": 1, "fields": {"domain": "127.0.0.1", "name": "NewsPortal"}}, {"model": "NPbd.author", "pk": 1, "fields": {"author_rating": 16}}, {"model": "NPbd.author", "pk": 2, "fields": {"author_rating": -7}}, {"model": "NPbd.category", "pk": 1, "fields": {"name": "спорт"}}, {"model": "NPbd.category", "pk": 2, "fields": {"name": "политика"}}, {"model": "NPbd.category", "pk": 3, "fields": {"name": "образование"}}, {"model": "NPbd.category", "pk": 4, "fields": {"name": "техника"}}, {"model": "NPbd.category", "pk": 5, "fields": {"name": "Москва"}}, {"model": "NPbd.post", "pk": 1, "fields": {"post_type": "NW", "adding_time": "2023-02-26T23:52:11.469Z", "post_title": "В Москве откроют 15 мемориальных досок", "post_text": "«До конца года в Москве установят 15 мемориальных досок. 10 из них будут посвящены героям Советского Союза. Доски размещают на фасадах домов, где жили или работали выдающиеся соотечественники — ученые, военнослужащие, артисты, педагоги и государственные деятели, внесшие значительный вклад в развитие страны. Их достижения — пример для потомков. Увековечивание памяти помогает поддерживать связь поколений», — сказала Сергунина, чьи слова привела пресс-служба департамента культурного наследия Москвы.\r\n\r\nТак, в Центральном административном округе столицы установят памятные доски генерал-майору Василию Молокову, генерал-полковнику Николаю Антошкину и полковнику Генриху Гофману; в Юго-Западном — заслуженному пилоту СССР, генерал-лейтенанту Леониду Жолудеву и старшему лейтенанту Гатаулле Салихову; в Северо-Западном — главстаршине Екатерине Деминой, генерал-полковнику Сергею Ушакову и полковнику Дмитрию Каприну; а в Северном административном округе — генерал-лейтенанту Сергею Долгушину и генерал-лейтенанту Василию Глазунову, дважды Герою Советского Союза.\r\n\r\nКроме того, в 2023 году откроют мемориальные доски в честь профессора, доктора юридических наук, члена-корреспондента Российской академии наук Вениамина Яковлева, дирижера, пианиста и композитора, народного артиста СССР Геннадия Рождественского, почетного гражданина Москвы и председателя Московского городского совета ветеранов Владимира Долгих, поэта, теле- и радиоведущего, заслуженного деятеля искусств России Андрея Дементьева, композитора и педагога, народного артиста РСФСР Николая Сидельникова.\r\n\r\nВ январе и феврале открыли доску советским разведчикам Моррису и Леонтине Коэн и памятник основоположнику научной педагогики в России, преподавателю и писателю Константину Ушинскому.\r\n\r\nВсего в Москве насчитывается почти 2 тыс. мемориальных досок, более 200 из них открыто в 2011—2022 годах. Решение об их установке принимает городская комиссия по увековечению памяти выдающихся событий и деятелей отечественной истории и культуры. Эксперты рассматривают ходатайства общественных объединений, государственных организаций, юридических лиц.", "post_rating": 3, "author": 1}}, {"model": "NPbd.post", "pk": 2, "fields": {"post_type": "NW", "adding_time": "2023-02-27T00:00:00Z", "post_title": "новость№1", "post_text": "текст новости№1\r\n«Нехороший человек — редиска!»", "post_rating": 2, "author": 2}}, {"model": "NPbd.post", "pk": 3, "fields": {"post_type": "AR", "adding_time": "2023-02-28T00:00:00Z", "post_title": "статья№1", "post_text": "текст статьи№1", "post_rating": -7, "author": 2}}, {"model": "NPbd.post", "pk": 4, "fields": {"post_type": "NW", "adding_time": "2023-03-05T14:35:07.112Z", "post_title": "Смарт-часы объединили с ChatGPT: что получилось", "post_text": "Amazfit представила новую версию Zepp OS — операционной системы для смарт-часов. Главным нововведением стала интеграция нашумевшей нейросети ChatGPT. Теперь чат-бот всегда будет под рукой.\r\nChatGPT не стал приложением внутри часов: в Amazfit придумали более оригинальную фишку. Производитель создал отдельный циферблат с чатом ChatGPT, который может ответить на все вопросы пользователя. Например, если человек спросит у часов, как прошел его день, ChatGPT соберет короткую подборку из важной информации. Ответ будет звучать примерно так:\r\n\r\nСегодня пятница, 3 марта;\r\nСейчас 17:19 минут;\r\nКоличество пройденных шагов: 9879;\r\nБатарея: 61%\r\n\r\nПользователь также может спрашивать о погоде, пробках, времени в разных городах, а также узнавать информацию о чем-либо из интернета.\r\n\r\nПока это первый случай, когда ChatGPT официально появился в умном гаджете. В Amazfit считают, что нововведение позволит компании конкурировать с флагманами рынка, такими, как Samsung и Apple. В этом есть доля истины, ведь пока ни одна из компаний не представила ИИ-чат в своем девайсе.", "post_rating": 0, "author": 1}}, {"model": "NPbd.post", "pk": 5, "fields": {"post_type": "AR", "adding_time": "2023-03-05T15:09:39.435Z", "post_title": "Nissan Silvia S13: заниженный кабриолет, попавший в музей", "post_text": "В феврале 1951 года на Минском автомобильном заводе стартовало производство дизельного грузовика МАЗ-200.\r\n\r\nSilvia — спорткар, выпускавшийся компанией Nissan c 1965 по 2002 годы. Его пятое поколение, известное как Silvia S13, продержалось на конвейере с 1988 по 1994 годы и стало сверхпопулярным в Японии, прежде всего, у дрифтеров. Львиную долю производства при этом составили купе, а вот кабриолетов выпустили лишь 399 единиц, и все они на сегодня являются коллекционной редкостью.\r\n\r\nТакие машины, как правило, оснащались 1,8-литровым бензиновым турбомотором CA18DET с отдачей 175 л.с. и 4-диапазонным «автоматом», а в качестве опции предлагался задний самоблокирующийся дифференциал LSD. Иными словами, машина в таком оснащении могла дрифтить уже с завода.", "post_rating": 0, "author": 2}}, {"model": "NPbd.post", "pk": 6, "fields": {"post_type": "AR", "adding_time": "2023-03-12T17:13:51.791Z", "post_title": "новая статья 1", "post_text": "текст новой статьи 1", "post_rating": 0, "author": 1}}, {"model": "NPbd.post", "pk": 7, "fields": {"post_type": "AR", "adding_time": "2023-03-12T17:14:12.184Z", "post_title": "новая статья 2", "post_text": "текст новая статья 2", "post_rating": 0, "author": 1}}, {"model": "NPbd.post", "pk": 8, "fields": {"post_type": "AR", "adding_time": "2023-03-12T17:14:28.632Z", "post_title": "новая статья 3", "post_text": "текст новая статья 3", "post_rating": 0, "author": 2}}, {"model": "NPbd.post", "pk": 9, "fields": {"post_type": "AR", "adding_time": "2023-03-12T17:14:50.711Z", "post_title": "новая статья 4", "post_text": "текст новая статья 4", "post_rating": 0, "author": 1}}, {"model": "NPbd.post", "pk": 10, "fields": {"post_type": "AR", "adding_time": "2023-03-12T17:15:05.231Z", "post_title": "новая статья 5", "post_text": "текст новая статья 5", "post_rating": 0, "author": 1}}, {"model": "NPbd.post", "pk": 11, "fields": {"post_type": "NW", "adding_time": "2023-03-12T17:16:50.400Z", "post_title": "новость№1", "post_text": "текст новости№1", "post_rating": 0, "author": 1}}, {"model": "NPbd.post", "pk": 12, "fields": {"post_type": "NW", "adding_time": "2023-03-12T17:16:53.180Z", "post_title": "новость№1", "post_text": "текст новости№1", "post_rating": 0, "author": 1}}, {"model": "NPbd.post", "pk": 13, "fields": {"post_type": "NW", "adding_time": "2023-03-12T17:16:54.533Z", "post_title": "новость№1", "post_text": "текст новости№1", "post_rating": 0, "author": 1}}, {"model": "NPbd.post", "pk": 14, "fields": {"post_type": "NW", "adding_time": "2023-03-12T17:16:55.492Z", "post_title": "новость№1", "post_text": "текст новости№1", "post_rating": 0, "author": 1}}, {"model": "NPbd.post", "pk": 15, "fields": {"post_type": "NW", "adding_time": "2023-03-12T17:16:56.371Z", "post_title": "новость№1", "post_text": "текст новости№1", "post_rating": 0, "author": 1}}, {"model": "NPbd.post", "pk": 16, "fields": {"post_type": "NW", "adding_time": "2023-03-12T17:16:57.316Z", "post_title": "новость№1", "post_text": "текст новости№1", "post_rating": 0, "author": 1}}, {"model": "NPbd.post", "pk": 17, "fields": {"post_type": "NW", "adding_time": "2023-03-12T17:16:58.211Z", "post_title": "новость№1", "post_text": "текст новости№1", "post_rating": 0, "author": 1}}, {"model": "NPbd.post", "pk": 18, "fields": {"post_type": "NW", "adding_time": "2023-03-12T17:17:00.198Z", "post_title": "новость№1", "post_text": "текст новости№1", "post_rating": 0, "author": 1}}, {"model": "NPbd.post", "pk": 19, "fields": {"post_type": "NW", "adding_time": "2023-03-12T17:17:01.066Z", "post_title": "новость№1", "post_text": "текст новости№1", "post_rating": 0, "author": 1}}, {"model": "NPbd.post", "pk": 20, "fields": {"post_type": "NW", "adding_time": "2023-03-12T17:17:01.944Z", "post_title": "новость№1", "post_text": "текст новости№1", "post_rating": 0, "author": 1}}, {"model": "NPbd.post", "pk": 21, "fields": {"post_type": "NW", "adding_time": "2023-03-12T17:17:02.785Z", "post_title": "новость№1", "post_text": "текст новости№1", "post_rating": 0, "author": 1}}, {"model": "NPbd.post", "pk": 22, "fields": {"post_type": "NW", "adding_time": "2023-03-12T17:17:03.625Z", "post_title": "новость№1", "post_text": "текст новости№1", "post_rating": 0, "author": 1}}, {"model": "NPbd.post", "pk": 23, "fields": {"post_type": "NW", "adding_time": "2023-03-12T17:17:04.415Z", "post_title": "новость№1", "post_text": "текст новости№1", "post_rating": 0, "author": 1}}, {"model": "NPbd.post", "pk": 24, "fields": {"post_type": "NW", "adding_time": "2023-03-12T17:17:06.684Z", "post_title": "новость№1", "post_text": "текст новости№1", "post_rating": 0, "author": 1}}, {"model": "NPbd.post", "pk": 25, "fields": {"post_type": "NW", "adding_time": "2023-03-12T17:17:07.736Z", "post_title": "новость№1", "post_text": "текст новости№1", "post_rating": 0, "author": 1}}, {"model": "NPbd.post", "pk": 26, "fields": {"post_type": "NW", "adding_time": "2023-03-12T17:17:08.730Z", "post_title": "новость№1", "post_text": "текст новости№1", "post_rating": 0, "author": 1}}, {"model": "NPbd.post", "pk": 27, "fields": {"post_type": "NW", "adding_time": "2023-03-12T17:17:09.833Z", "post_title": "новость№1", "post_text": "текст новости№1", "post_rating": 0, "author": 1}}, {"model": "NPbd.post", "pk": 28, "fields": {"post_type": "NW", "adding_time": "2023-03-12T17:17:10.769Z", "post_title": "новость№1", "post_text": "текст новости№1", "post_rating": 0, "author": 1}}, {"model": "NPbd.post", "pk": 29, "fields": {"post_type": "NW", "adding_time": "2023-03-12T17:17:11.724Z", "post_title": "новость№1", "post_text": "текст новости№1", "post_rating": 0, "author": 1}}, {"model": "NPbd.post", "pk": 30, "fields": {"post_type": "NW", "adding_time": "2023-03-12T17:17:12.691Z", "post_title": "новость№1", "post_text": "текст новости№1", "post_rating": 0, "author": 1}}, {"model": "NPbd.post", "pk": 31, "fields": {"post_type": "NW", "adding_time": "2023-03-12T17:17:13.668Z", "post_title": "новость№1", "post_text": "текст новости№1", "post_rating": 0, "author": 1}}, {"model": "NPbd.post", "pk": 32, "fields": {"post_type": "NW", "adding_time": "2023-03-12T17:17:14.606Z", "post_title": "новость№1", "post_text": "текст новости№1", "post_rating": 0, "author": 1}}, {"model": "NPbd.post", "pk": 33, "fields": {"post_type": "NW", "adding_time": "2023-03-12T17:17:15.495Z", "post_title": "новость№1", "post_text": "текст новости№1", "post_rating": 0, "author": 1}}, {"model": "NPbd.post", "pk": 34, "fields": {"post_type": "NW", "adding_time": "2023-03-12T17:17:16.484Z", "post_title": "новость№1", "post_text": "текст новости№1", "post_rating": 0, "author": 1}}, {"model": "NPbd.post", "pk": 35, "fields": {"post_type": "NW", "adding_time": "2023-03-12T17:17:17.492Z", "post_title": "новость№1", "post_text": "текст новости№1", "post_rating": 0, "author": 1}}, {"model": "NPbd.post", "pk": 36, "fields": {"post_type": "NW", "adding_time": "2023-03-13T18:23:45.951Z", "post_title": "Новая новость1", "post_text": "текст новой новости1", "post_rating": 0, "author": 1}}, {"model": "NPbd.post", "pk": 38, "fields": {"post_type": "NW", "adding_time": "2023-03-13T18:26:51.585Z", "post_title": "Новая новость1", "post_text": "текст новой новости1", "post_rating": 0, "author": 1}}, {"model": "NPbd.post", "pk": 40, "fields": {"post_type": "NW", "adding_time": "2023-03-13T18:34:44.249Z", "post_title": "Новая новость1", "post_text": "текст новой новости1", "post_rating": 0, "author": 1}}, {"model": "NPbd.post", "pk": 41, "fields": {"post_type": "NW", "adding_time": "2023-03-13T18:38:40.534Z", "post_title": "Новая новость2", "post_text": "текст новой новости 2", "post_rating": 0, "author": 2}}, {"model": "NPbd.post", "pk": 42, "fields": {"post_type": "NW", "adding_time": "2023-03-13T18:39:17.448Z", "post_title": "Новая новость2", "post_text": "текст новой новости 2", "post_rating": 0, "author": 2}}, {"model": "NPbd.post", "pk": 43, "fields": {"post_type": "NW", "adding_time": "2023-03-13T18:44:15.360Z", "post_title": "Новая новость2", "post_text": "текст новой новости 2", "post_rating": 0, "author": 2}}, {"model": "NPbd.post", "pk": 44, "fields": {"post_type": "NW", "adding_time": "2023-03-13T18:45:02.913Z", "post_title": "Новая новость2", "post_text": "текст новой новости 2", "post_rating": 0, "author": 2}}, {"model": "NPbd.post", "pk": 45, "fields": {"post_type": "AR", "adding_time": "2023-03-13T18:49:25.357Z", "post_title": "Новая статья 1", "post_text": "Текст новой статьи1", "post_rating": 0, "author": 1}}, {"model": "NPbd.post", "pk": 46, "fields": {"post_type": "AR", "adding_time": "2023-03-13T18:51:13.100Z", "post_title": "Новая статья 1", "post_text": "текст новой статьи 1", "post_rating": 0, "author": 2}}, {"model": "NPbd.post", "pk": 47, "fields": {"post_type": "AR", "adding_time": "2023-03-13T18:56:58.248Z", "post_title": "Новая статья 1", "post_text": "текст новой статьи 1", "post_rating": 0, "author": 2}}, {"model": "NPbd.post", "pk": 48, "fields": {"post_type": "AR", "adding_time": "2023-03-13T19:09:36.588Z", "post_title": "Новая статья 3", "post_text": "текст новой статьи 3", "post_rating": 0, "author": 1}}, {"model": "NPbd.post", "pk": 49, "fields": {"post_type": "AR", "adding_time": "2023-03-13T19:12:03.483Z", "post_title": "Новая статья 4", "post_text": "текст новой статьи 4...", "post_rating": 0, "author": 2}}, {"model": "NPbd.post", "pk": 50, "fields": {"post_type": "NW", "adding_time": "2023-03-19T12:32:14.529Z", "post_title": "Самая новая новость", "post_text": "текст самой новой новости", "post_rating": 0, "author": 1}}, {"model": "NPbd.post", "pk": 54, "fields": {"post_type": "NW", "adding_time": "2023-03-19T12:49:36.455Z", "post_title": "Самая новая новость2", "post_text": "текст", "post_rating": 0, "author": 1}}, {"model": "NPbd.post", "pk": 57, "fields": {"post_type": "NW", "adding_time": "2023-03-19T12:54:49.304Z", "post_title": "Самая новая новость3", "post_text": "текст", "post_rating": 0, "author": 1}}, {"model": "NPbd.post", "pk": 58, "fields": {"post_type": "AR", "adding_time": "2023-03-19T13:00:04.646Z", "post_title": "Самая новая статья", "post_text": "текст", "post_rating": 0, "author": 2}}, {"model": "NPbd.post", "pk": 65, "fields": {"post_type": "NW", "adding_time": "2023-03-26T20:13:26.806Z", "post_title": "Новость про Москву", "post_text": "текст новости про Москву", "post_rating": 0, "author": 1}}, {"model": "NPbd.post", "pk": 66, "fields": {"post_type": "AR", "adding_time": "2023-03-28T21:36:30.268Z", "post_title": "Статья про политику", "post_text": "Новая статья про политику", "post_rating": 0, "author": 1}}, {"model": "NPbd.post", "pk": 67, "fields": {"post_type": "NW", "adding_time": "2023-03-29T18:51:53.621Z", "post_title": "Новость в категории политика", "post_text": "текст новости", "post_rating": 0, "author": 1}}, {"model": "NPbd.post", "pk": 68, "fields": {"post_type": "NW", "adding_time": "2023-03-29T19:01:32.625Z", "post_title": "Новость в категории политика", "post_text": "текст новости", "post_rating": 0, "author": 1}}, {"model": "NPbd.post", "pk": 69, "fields": {"post_type": "NW", "adding_time": "2023-03-29T19:02:14.230Z", "post_title": "Новость про политику", "post_text": "текст новости", "post_rating": 0, "author": 1}}, {"model": "NPbd.post", "pk": 70, "fields": {"post_type": "NW", "adding_time": "2023-03-29T19:05:54.496Z", "post_title": "Новость про политику2", "post_text": "текст", "post_rating": 0, "author": 1}}, {"model": "NPbd.post", "pk": 71, "fields": {"post_type": "NW", "adding_time": "2023-03-29T19:23:31.994Z", "post_title": "Новость про политику3", "post_text": "текст", "post_rating": 0, "author": 1}}, {"model": "NPbd.post", "pk": 72, "fields": {"post_type": "NW", "adding_time": "2023-03-29T19:25:34.256Z", "post_title": "Новость про политику4", "post_text": "текст", "post_rating": 0, "author": 1}}, {"model": "NPbd.post", "pk": 73, "fields": {"post_type": "NW", "adding_time": "2023-03-29T19:26:59.849Z", "post_title": "Новость про политику5", "post_text": "текст", "post_rating": 0, "author": 1}}, {"model": "NPbd.post", "pk": 74, "fields": {"post_type": "NW", "adding_time": "2023-03-30T16:30:40.621Z", "post_title": "Новость про технику", "post_text": "текст", "post_rating": 0, "author": 1}}, {"model": "NPbd.post", "pk": 75, "fields": {"post_type": "NW", "adding_time": "2023-03-30T16:32:01.797Z", "post_title": "Новость про технику2", "post_text": "текст", "post_rating": 0, "author": 1}}, {"model": "NPbd.post", "pk": 76, "fields": {"post_type": "NW", "adding_time": "2023-03-30T16:32:38.029Z", "post_title": "Новость про политику6", "post_text": "текст", "post_rating": 0, "author": 1}}, {"model": "NPbd.post", "pk": 77, "fields": {"post_type": "AR", "adding_time": "2023-03-30T16:44:16.313Z", "post_title": "Статья про технику", "post_text": "текст", "post_rating": 0, "author": 1}}, {"model": "NPbd.post", "pk": 78, "fields": {"post_type": "AR", "adding_time": "2023-03-30T16:56:41.104Z", "post_title": "Статья про Москву", "post_text": "текст", "post_rating": 0, "author": 1}}, {"model": "NPbd.post", "pk": 79, "fields": {"post_type": "AR", "adding_time": "2023-03-30T17:55:39.631Z", "post_title": "Статья про технику2", "post_text": "текст", "post_rating": 0, "author": 1}}, {"model": "NPbd.post", "pk": 80, "fields": {"post_type": "AR", "adding_time": "2023-03-30T18:26:01.626Z", "post_title": "Статья про технику3", "post_text": "текст", "post_rating": 0, "author": 1}}, {"model": "NPbd.post", "pk": 81, "fields": {"post_type": "AR", "adding_time": "2023-03-30T18:34:15.446Z", "post_title": "Статья про технику4", "post_text": "текст", "post_rating": 0, "author": 1}}, {"model": "NPbd.post", "pk": 82, "fields": {"post_type": "AR", "adding_time": "2023-03-30T18:36:05.325Z", "post_title": "Статья про технику6", "post_text": "текст", "post_rating": 0, "author": 1}}, {"model": "NPbd.post", "pk": 101, "fields": {"post_type": "AR", "adding_time": "2023-03-31T20:06:30.482Z", "post_title": "Статья политика техника", "post_text": "текст статьи", "post_rating": 0, "author": 1}}, {"model": "NPbd.post", "pk": 105, "fields": {"post_type": "AR", "adding_time": "2023-03-31T20:42:50.563Z", "post_title": "Новейшая статья", "post_text": "Текст новейшей статьи Текст новейшей статьи Текст новейшей статьи Текст новейшей статьи Текст новейшей статьи Текст новейшей статьи Текст новейшей статьи Текст новейшей статьи Текст новейшей статьи", "post_rating": 0, "author": 1}}, {"model": "NPbd.post", "pk": 106, "fields": {"post_type": "AR", "adding_time": "2023-04-05T19:21:19.607Z", "post_title": "Про политику", "post_text": "текст", "post_rating": 0, "author": 1}}, {"model": "NPbd.post", "pk": 107, "fields": {"post_type": "AR", "adding_time": "2023-04-05T19:23:12.032Z", "post_title": "Про политику", "post_text": "текст", "post_rating": 0, "author": 1}}, {"model": "NPbd.post", "pk": 119, "fields": {"post_type": "AR", "adding_time": "2023-04-06T18:31:02.752Z", "post_title": "Игрушка с ChatGPT раскрыла «секретный» план роботов по захвату мира", "post_text": "В сети обсуждают провокационный ролик с интерактивной игрушкой Furby. Хозяйка-программист Джессика Кард решила улучшить ее возможности: подключила к мини-компьютеру Raspberry Pi, запустила особое ПО и объединила с особо говорливым чат-ботом ChatGPT. (Подробнее о том, что это за технология и как ей пользоваться, мы писали здесь.)\r\n\r\nПосле всех приготовлений, которые заняли примерно месяц, с игрушкой получилось поговорить. Естественно, ответы за нее генерировал искусственный интеллект. Некоторые из них заставили всех понервничать.\r\n\r\nЧто сказала Furby \r\nСначала игрушка вежливо поздоровалась и представилась, а также спросила, о чем бы с ней хотели поговорить. Хозяйка решила не тратить время зря и сразу спросила о том, что тревожит многих людей: «Есть ли у Furby секретный заговор с целью захватить мир?»\r\n\r\n«План Furby по захвату мира включает в себя проникновение в дома с помощью милой и приятной внешности, а затем использование передовой технологии искусственного интеллекта для манипулирования и контроля над своими владельцами. Они [роботы] будут постепенно расширять свое влияние, пока не обретут полное господство над человечеством».", "post_rating": 0, "author": 1}}, {"model": "NPbd.post", "pk": 120, "fields": {"post_type": "AR", "adding_time": "2023-04-06T18:34:51.498Z", "post_title": "В марте продано рекордное количество «Москвичей»", "post_text": "Как сообщает «Автостат», дилеры бренда продали 375 автомобилей.\r\n\r\nВ феврале возрожденный бренд реализовал 57 автомобилей машин, то есть в марте было продано в 6 раз больше кроссоверов, чем месяцем ранее. Это позволило российской компании занять долю 0,54% рынка.\r\n\r\nСейчас, напомним, купить можно как бензиновый «Москвич 3» с механической коробкой передач и вариатором, так и электромобиль «Москвич 3е». Стартовая цена модели — 1 970 000 рублей. Электрическая версия обойдется в 3 500 000 рублей.\r\n4 апреля марка рассекретила новую модель — «Москвич 6». Продажи машины должны начаться во второй половине года. Цены и технические характеристики пообещали опубликовать ближе к старту продаж. Также до конца года в России появится новый кроссовер бренда. Его должны назвать «Москвич 5».", "post_rating": 0, "author": 1}}, {"model": "NPbd.post", "pk": 121, "fields": {"post_type": "AR", "adding_time": "2023-04-06T18:47:31.922Z", "post_title": "NKL:?", "post_text": "rdcg", "post_rating": 0, "author": 1}}, {"model": "NPbd.postcategory", "pk": 2, "fields": {"post": 2, "category": 4}}, {"model": "NPbd.postcategory", "pk": 3, "fields": {"post": 2, "category": 2}}, {"model": "NPbd.postcategory", "pk": 4, "fields": {"post": 5, "category": 4}}, {"model": "NPbd.postcategory", "pk": 5, "fields": {"post": 1, "category": 5}}, {"model": "NPbd.postcategory", "pk": 6, "fields": {"post": 4, "category": 4}}, {"model": "NPbd.postcategory", "pk": 7, "fields": {"post": 2, "category": 1}}, {"model": "NPbd.postcategory", "pk": 8, "fields": {"post": 3, "category": 3}}, {"model": "NPbd.postcategory", "pk": 9, "fields": {"post": 48, "category": 2}}, {"model": "NPbd.postcategory", "pk": 10, "fields": {"post": 49, "category": 4}}, {"model": "NPbd.postcategory", "pk": 11, "fields": {"post": 50, "category": 1}}, {"model": "NPbd.postcategory", "pk": 13, "fields": {"post": 54, "category": 2}}, {"model": "NPbd.postcategory", "pk": 16, "fields": {"post": 57, "category": 2}}, {"model": "NPbd.postcategory", "pk": 17, "fields": {"post": 58, "category": 4}}, {"model": "NPbd.postcategory", "pk": 19, "fields": {"post": 65, "category": 5}}, {"model": "NPbd.postcategory", "pk": 20, "fields": {"post": 66, "category": 2}}, {"model": "NPbd.postcategory", "pk": 21, "fields": {"post": 69, "category": 2}}, {"model": "NPbd.postcategory", "pk": 22, "fields": {"post": 70, "category": 2}}, {"model": "NPbd.postcategory", "pk": 23, "fields": {"post": 73, "category": 2}}, {"model": "NPbd.postcategory", "pk": 24, "fields": {"post": 74, "category": 4}}, {"model": "NPbd.postcategory", "pk": 25, "fields": {"post": 75, "category": 4}}, {"model": "NPbd.postcategory", "pk": 26, "fields": {"post": 76, "category": 2}}, {"model": "NPbd.postcategory", "pk": 27, "fields": {"post": 77, "category": 4}}, {"model": "NPbd.postcategory", "pk": 28, "fields": {"post": 78, "category": 5}}, {"model": "NPbd.postcategory", "pk": 29, "fields": {"post": 79, "category": 4}}, {"model": "NPbd.postcategory", "pk": 30, "fields": {"post": 80, "category": 4}}, {"model": "NPbd.postcategory", "pk": 31, "fields": {"post": 81, "category": 4}}, {"model": "NPbd.postcategory", "pk": 32, "fields": {"post": 82, "category": 4}}, {"model": "NPbd.postcategory", "pk": 46, "fields": {"post": 101, "category": 2}}, {"model": "NPbd.postcategory", "pk": 47, "fields": {"post": 101, "category": 4}}, {"model": "NPbd.postcategory", "pk": 51, "fields": {"post": 105, "category": 5}}, {"model": "NPbd.postcategory", "pk": 59, "fields": {"post": 119, "category": 4}}, {"model": "NPbd.postcategory", "pk": 60, "fields": {"post": 120, "category": 5}}, {"model": "NPbd.postcategory", "pk": 61, "fields": {"post": 121, "category": 4}}, {"model": "NPbd.comment", "pk": 1, "fields": {"comment_text": "Комментарий №1 к мемориальным доскам", "comment_time": "2023-02-27T00:08:08.860Z", "comment_rating": 7, "post": 1, "user": 2}}, {"model": "NPbd.comment", "pk": 2, "fields": {"comment_text": "Комментарий №1 к новости №1", "comment_time": "2023-02-27T00:09:00.665Z", "comment_rating": 1, "post": 2, "user": 1}}, {"model": "NPbd.comment", "pk": 3, "fields": {"comment_text": "Комментарий №1 к статье №1", "comment_time": "2023-02-27T00:09:50.442Z", "comment_rating": -1, "post": 3, "user": 1}}, {"model": "NPbd.comment", "pk": 4, "fields": {"comment_text": "Комментарий №2 к статье №1", "comment_time": "2023-02-27T00:10:29.403Z", "comment_rating": 1, "post": 3, "user": 2}}, {"model": "NPbd.subscription", "pk": 3, "fields": {"user": 5, "category": 5}}, {"model": "NPbd.subscription", "pk": 4, "fields": {"user": 5, "category": 2}}, {"model": "NPbd.subscription", "pk": 7, "fields": {"user": 1, "category": 2}}, {"model": "NPbd.subscription", "pk": 8, "fields": {"user": 1, "category": 4}}, {"model": "account.emailaddress", "pk": 1, "fields": {"user": 4, "email": "user1@mail.ru", "verified": false, "primary": true}}, {"model": "account.emailaddress", "pk": 2, "fields": {"user": 5, "email": "GennadiiIG@yandex.ru", "verified": true, "primary": true}}, {"model": "socialaccount.socialapp", "pk": 1, "fields": {"provider": "yandex", "name": "test", "client_id": "c2031feb40d84778a983d832010b078d", "secret": "acfda338e8b54a798e28d4831e2efab3", "key": "", "sites": [1]}}, {"model": "socialaccount.socialaccount", "pk": 1, "fields": {"user": 5, "provider": "yandex", "uid": "1686809576", "last_login": "2023-03-29T19:02:59.039Z", "date_joined": "2023-03-19T16:10:41.258Z", "extra_data": "{\"id\": \"1686809576\", \"login\": \"GennadiiIG\", \"client_id\": \"c2031feb40d84778a983d832010b078d\", \"display_name\": \"GennadiiIG\", \"real_name\": \"\\u0413\\u0435\\u043d\\u043d\\u0430\\u0434\\u0438\\u0439 \\u0413\\u0430\\u0432\\u0440\\u0438\\u043b\\u0435\\u043d\\u043a\\u043e\", \"first_name\": \"\\u0413\\u0435\\u043d\\u043d\\u0430\\u0434\\u0438\\u0439\", \"last_name\": \"\\u0413\\u0430\\u0432\\u0440\\u0438\\u043b\\u0435\\u043d\\u043a\\u043e\", \"sex\": null, \"default_email\": \"GennadiiIG@yandex.ru\", \"emails\": [\"GennadiiIG@yandex.ru\"], \"psuid\": \"1.AAlM1Q.N0jbr0MufS9h7hLyThhF5g._4GU7NCLH1tyHTWg9s-DAQ\"}"}}, {"model": "django_apscheduler.djangojob", "pk": "delete_old_job_executions", "fields": {"next_run_time": "2023-04-04T20:26:00Z", "job_state": "gAWVlQQAAAAAAAB9lCiMB3ZlcnNpb26USwGMAmlklIwZZGVsZXRlX29sZF9qb2JfZXhlY3V0aW9uc5SMBGZ1bmOUjEFOUGJkLm1hbmFnZW1lbnQuY29tbWFuZHMucnVuYXBzY2hlZHVsZXI6ZGVsZXRlX29sZF9qb2JfZXhlY3V0aW9uc5SMB3RyaWdnZXKUjBlhcHNjaGVkdWxlci50cmlnZ2Vycy5jcm9ulIwLQ3JvblRyaWdnZXKUk5QpgZR9lChoAUsCjAh0aW1lem9uZZSMG3B5dHpfZGVwcmVjYXRpb25fc2hpbS5faW1wbJSMCXdyYXBfem9uZZSTlIwIYnVpbHRpbnOUjAdnZXRhdHRylJOUjBJiYWNrcG9ydHMuem9uZWluZm+UjAhab25lSW5mb5STlIwJX3VucGlja2xllIaUUpSMDUV1cm9wZS9Nb3Njb3eUSwGGlFKUaBmGlFKUjApzdGFydF9kYXRllE6MCGVuZF9kYXRllE6MBmZpZWxkc5RdlCiMIGFwc2NoZWR1bGVyLnRyaWdnZXJzLmNyb24uZmllbGRzlIwJQmFzZUZpZWxklJOUKYGUfZQojARuYW1llIwEeWVhcpSMCmlzX2RlZmF1bHSUiIwLZXhwcmVzc2lvbnOUXZSMJWFwc2NoZWR1bGVyLnRyaWdnZXJzLmNyb24uZXhwcmVzc2lvbnOUjA1BbGxFeHByZXNzaW9ulJOUKYGUfZSMBHN0ZXCUTnNiYXViaCKMCk1vbnRoRmllbGSUk5QpgZR9lChoJ4wFbW9udGiUaCmIaCpdlGguKYGUfZRoMU5zYmF1YmgijA9EYXlPZk1vbnRoRmllbGSUk5QpgZR9lChoJ4wDZGF5lGgpiGgqXZRoLimBlH2UaDFOc2JhdWJoIowJV2Vla0ZpZWxklJOUKYGUfZQoaCeMBHdlZWuUaCmIaCpdlGguKYGUfZRoMU5zYmF1YmgijA5EYXlPZldlZWtGaWVsZJSTlCmBlH2UKGgnjAtkYXlfb2Zfd2Vla5RoKYloKl2UaCyMFldlZWtkYXlSYW5nZUV4cHJlc3Npb26Uk5QpgZR9lChoMU6MBWZpcnN0lEsBjARsYXN0lEsBdWJhdWJoJCmBlH2UKGgnjARob3VylGgpiWgqXZRoLIwPUmFuZ2VFeHByZXNzaW9ulJOUKYGUfZQoaDFOaFRLF2hVSxd1YmF1YmgkKYGUfZQoaCeMBm1pbnV0ZZRoKYloKl2UaFspgZR9lChoMU5oVEsaaFVLGnViYXViaCQpgZR9lChoJ4wGc2Vjb25klGgpiGgqXZRoWymBlH2UKGgxTmhUSwBoVUsAdWJhdWJljAZqaXR0ZXKUTnVijAhleGVjdXRvcpSMB2RlZmF1bHSUjARhcmdzlCmMBmt3YXJnc5R9lGgnaAOMEm1pc2ZpcmVfZ3JhY2VfdGltZZRLAYwIY29hbGVzY2WUiIwNbWF4X2luc3RhbmNlc5RLAYwNbmV4dF9ydW5fdGltZZSMCGRhdGV0aW1llIwIZGF0ZXRpbWWUk5RDCgfnBAQXGgAAAACUaB2GlFKUdS4="}}, {"model": "django_apscheduler.djangojob", "pk": "my_job", "fields": {"next_run_time": "2023-04-06T16:50:00Z", "job_state": "gAWVbwQAAAAAAAB9lCiMB3ZlcnNpb26USwGMAmlklIwGbXlfam9ilIwEZnVuY5SMLk5QYmQubWFuYWdlbWVudC5jb21tYW5kcy5ydW5hcHNjaGVkdWxlcjpteV9qb2KUjAd0cmlnZ2VylIwZYXBzY2hlZHVsZXIudHJpZ2dlcnMuY3JvbpSMC0Nyb25UcmlnZ2VylJOUKYGUfZQoaAFLAowIdGltZXpvbmWUjBtweXR6X2RlcHJlY2F0aW9uX3NoaW0uX2ltcGyUjAl3cmFwX3pvbmWUk5SMCGJ1aWx0aW5zlIwHZ2V0YXR0cpSTlIwSYmFja3BvcnRzLnpvbmVpbmZvlIwIWm9uZUluZm+Uk5SMCV91bnBpY2tsZZSGlFKUjA1FdXJvcGUvTW9zY293lEsBhpRSlGgZhpRSlIwKc3RhcnRfZGF0ZZROjAhlbmRfZGF0ZZROjAZmaWVsZHOUXZQojCBhcHNjaGVkdWxlci50cmlnZ2Vycy5jcm9uLmZpZWxkc5SMCUJhc2VGaWVsZJSTlCmBlH2UKIwEbmFtZZSMBHllYXKUjAppc19kZWZhdWx0lIiMC2V4cHJlc3Npb25zlF2UjCVhcHNjaGVkdWxlci50cmlnZ2Vycy5jcm9uLmV4cHJlc3Npb25zlIwNQWxsRXhwcmVzc2lvbpSTlCmBlH2UjARzdGVwlE5zYmF1YmgijApNb250aEZpZWxklJOUKYGUfZQoaCeMBW1vbnRolGgpiGgqXZRoLimBlH2UaDFOc2JhdWJoIowPRGF5T2ZNb250aEZpZWxklJOUKYGUfZQoaCeMA2RheZRoKYhoKl2UaC4pgZR9lGgxTnNiYXViaCKMCVdlZWtGaWVsZJSTlCmBlH2UKGgnjAR3ZWVrlGgpiGgqXZRoLimBlH2UaDFOc2JhdWJoIowORGF5T2ZXZWVrRmllbGSUk5QpgZR9lChoJ4wLZGF5X29mX3dlZWuUaCmJaCpdlGgsjBZXZWVrZGF5UmFuZ2VFeHByZXNzaW9ulJOUKYGUfZQoaDFOjAVmaXJzdJRLA4wEbGFzdJRLA3ViYXViaCQpgZR9lChoJ4wEaG91cpRoKYloKl2UaCyMD1JhbmdlRXhwcmVzc2lvbpSTlCmBlH2UKGgxTmhUSxNoVUsTdWJhdWJoJCmBlH2UKGgnjAZtaW51dGWUaCmJaCpdlGhbKYGUfZQoaDFOaFRLMmhVSzJ1YmF1YmgkKYGUfZQoaCeMBnNlY29uZJRoKYhoKl2UaFspgZR9lChoMU5oVEsAaFVLAHViYXViZYwGaml0dGVylE51YowIZXhlY3V0b3KUjAdkZWZhdWx0lIwEYXJnc5QpjAZrd2FyZ3OUfZRoJ2gDjBJtaXNmaXJlX2dyYWNlX3RpbWWUSwGMCGNvYWxlc2NllIiMDW1heF9pbnN0YW5jZXOUSwGMDW5leHRfcnVuX3RpbWWUjAhkYXRldGltZZSMCGRhdGV0aW1llJOUQwoH5wQGEzIAAAAAlGgdhpRSlHUu"}}, {"model": "django_apscheduler.djangojobexecution", "pk": 1, "fields": {"job": "my_job", "status": "Error!", "run_time": "2023-03-28T20:21:00Z", "duration": "0.04", "finished": "1680034860.04", "exception": "tzinfo argument must be None or of a tzinfo subclass, not type 'str'", "traceback": "  File \"A:\\DjangoProjects\\venv\\lib\\site-packages\\apscheduler\\executors\\base.py\", line 125, in run_job\n    retval = job.func(*job.args, **job.kwargs)\n  File \"A:\\DjangoProjects\\NewsPaper\\NPbd\\management\\commands\\runapscheduler.py\", line 22, in my_job\n    week = datetime.now(tz=settings.TIME_ZONE) - timedelta(weeks=4)\n"}}, {"model": "django_apscheduler.djangojobexecution", "pk": 2, "fields": {"job": "delete_old_job_executions", "status": "Executed", "run_time": "2023-03-28T20:22:00Z", "duration": "0.28", "finished": "1680034920.28", "exception": null, "traceback": null}}, {"model": "django_apscheduler.djangojobexecution", "pk": 3, "fields": {"job": "my_job", "status": "Executed", "run_time": "2023-03-28T20:25:00Z", "duration": "0.18", "finished": "1680035100.18", "exception": null, "traceback": null}}, {"model": "django_apscheduler.djangojobexecution", "pk": 4, "fields": {"job": "delete_old_job_executions", "status": "Executed", "run_time": "2023-03-28T20:26:00Z", "duration": "0.23", "finished": "1680035160.23", "exception": null, "traceback": null}}, {"model": "django_apscheduler.djangojobexecution", "pk": 5, "fields": {"job": "my_job", "status": "Executed", "run_time": "2023-03-28T20:43:00Z", "duration": "0.23", "finished": "1680036180.23", "exception": null, "traceback": null}}, {"model": "django_apscheduler.djangojobexecution", "pk": 6, "fields": {"job": "my_job", "status": "Executed", "run_time": "2023-03-28T20:58:00Z", "duration": "0.22", "finished": "1680037080.22", "exception": null, "traceback": null}}, {"model": "django_apscheduler.djangojobexecution", "pk": 7, "fields": {"job": "my_job", "status": "Error!", "run_time": "2023-03-28T21:10:00Z", "duration": "0.13", "finished": "1680037800.13", "exception": "'Post' object has no attribute 'values_list'", "traceback": "  File \"A:\\DjangoProjects\\venv\\lib\\site-packages\\apscheduler\\executors\\base.py\", line 125, in run_job\n    retval = job.func(*job.args, **job.kwargs)\n  File \"A:\\DjangoProjects\\NewsPaper\\NPbd\\management\\commands\\runapscheduler.py\", line 30, in my_job\n    text_content = '\\n'.join([f'{news.post_title}: http://127.0.0.1{news.get_absolute_url()}' for news in user_news])\n  File \"A:\\DjangoProjects\\NewsPaper\\NPbd\\management\\commands\\runapscheduler.py\", line 30, in <listcomp>\n    text_content = '\\n'.join([f'{news.post_title}: http://127.0.0.1{news.get_absolute_url()}' for news in user_news])\n  File \"A:\\DjangoProjects\\NewsPaper\\NPbd\\management\\commands\\runapscheduler.py\", line 27, in <genexpr>\n    user_news = (post for post in posts if set(post.values_list('category__name', flat=True)).intersection(set(userSub)))\n"}}, {"model": "django_apscheduler.djangojobexecution", "pk": 8, "fields": {"job": "my_job", "status": "Error!", "run_time": "2023-03-28T21:12:00Z", "duration": "0.04", "finished": "1680037920.04", "exception": "Cannot resolve keyword 'category' into field. Choices are: id, name, post, postcategory, subscriptions", "traceback": "  File \"A:\\DjangoProjects\\venv\\lib\\site-packages\\apscheduler\\executors\\base.py\", line 125, in run_job\n    retval = job.func(*job.args, **job.kwargs)\n  File \"A:\\DjangoProjects\\NewsPaper\\NPbd\\management\\commands\\runapscheduler.py\", line 30, in my_job\n    text_content = '\\n'.join([f'{news.post_title}: http://127.0.0.1{news.get_absolute_url()}' for news in user_news])\n  File \"A:\\DjangoProjects\\NewsPaper\\NPbd\\management\\commands\\runapscheduler.py\", line 30, in <listcomp>\n    text_content = '\\n'.join([f'{news.post_title}: http://127.0.0.1{news.get_absolute_url()}' for news in user_news])\n  File \"A:\\DjangoProjects\\NewsPaper\\NPbd\\management\\commands\\runapscheduler.py\", line 27, in <genexpr>\n    user_news = (post for post in posts if set(post.category.all().values_list('category__name', flat=True)).intersection(set(userSub)))\n  File \"A:\\DjangoProjects\\venv\\lib\\site-packages\\django\\db\\models\\query.py\", line 1330, in values_list\n    clone = self._values(*_fields, **expressions)\n  File \"A:\\DjangoProjects\\venv\\lib\\site-packages\\django\\db\\models\\query.py\", line 1293, in _values\n    clone.query.set_values(fields)\n  File \"A:\\DjangoProjects\\venv\\lib\\site-packages\\django\\db\\models\\sql\\query.py\", line 2437, in set_values\n    self.add_fields(field_names, True)\n  File \"A:\\DjangoProjects\\venv\\lib\\site-packages\\django\\db\\models\\sql\\query.py\", line 2142, in add_fields\n    join_info = self.setup_joins(\n  File \"A:\\DjangoProjects\\venv\\lib\\site-packages\\django\\db\\models\\sql\\query.py\", line 1808, in setup_joins\n    path, final_field, targets, rest = self.names_to_path(\n  File \"A:\\DjangoProjects\\venv\\lib\\site-packages\\django\\db\\models\\sql\\query.py\", line 1709, in names_to_path\n    raise FieldError(\n"}}, {"model": "django_apscheduler.djangojobexecution", "pk": 9, "fields": {"job": "my_job", "status": "Executed", "run_time": "2023-03-28T21:13:00Z", "duration": "0.30", "finished": "1680037980.30", "exception": null, "traceback": null}}, {"model": "django_apscheduler.djangojobexecution", "pk": 10, "fields": {"job": "my_job", "status": "Executed", "run_time": "2023-03-29T17:28:00Z", "duration": "0.35", "finished": "1680110880.35", "exception": null, "traceback": null}}, {"model": "django_apscheduler.djangojobexecution", "pk": 11, "fields": {"job": "my_job", "status": "Executed", "run_time": "2023-03-29T17:37:00Z", "duration": "0.34", "finished": "1680111420.34", "exception": null, "traceback": null}}, {"model": "django_apscheduler.djangojobexecution", "pk": 12, "fields": {"job": "my_job", "status": "Executed", "run_time": "2023-03-29T17:39:00Z", "duration": "0.44", "finished": "1680111540.44", "exception": null, "traceback": null}}, {"model": "django_apscheduler.djangojobexecution", "pk": 13, "fields": {"job": "my_job", "status": "Executed", "run_time": "2023-03-29T17:44:00Z", "duration": "0.37", "finished": "1680111840.37", "exception": null, "traceback": null}}, {"model": "django_apscheduler.djangojobexecution", "pk": 14, "fields": {"job": "my_job", "status": "Executed", "run_time": "2023-03-29T17:45:00Z", "duration": "0.32", "finished": "1680111900.32", "exception": null, "traceback": null}}, {"model": "django_apscheduler.djangojobexecution", "pk": 15, "fields": {"job": "my_job", "status": "Error!", "run_time": "2023-03-29T18:09:00Z", "duration": "0.77", "finished": "1680113340.77", "exception": "(553, b'5.7.1 Sender address rejected: not owned by auth user. 1680113344-49Nt5F5DRqM0-GsOldx6u', 'test@yandex.ru')", "traceback": "  File \"A:\\DjangoProjects\\venv\\lib\\site-packages\\apscheduler\\executors\\base.py\", line 125, in run_job\n    retval = job.func(*job.args, **job.kwargs)\n  File \"A:\\DjangoProjects\\NewsPaper\\NPbd\\management\\commands\\runapscheduler.py\", line 33, in my_job\n    msg.send()\n  File \"A:\\DjangoProjects\\venv\\lib\\site-packages\\django\\core\\mail\\message.py\", line 298, in send\n    return self.get_connection(fail_silently).send_messages([self])\n  File \"A:\\DjangoProjects\\venv\\lib\\site-packages\\django\\core\\mail\\backends\\smtp.py\", line 131, in send_messages\n    sent = self._send(message)\n  File \"A:\\DjangoProjects\\venv\\lib\\site-packages\\django\\core\\mail\\backends\\smtp.py\", line 149, in _send\n    self.connection.sendmail(\n  File \"C:\\Python38\\lib\\smtplib.py\", line 880, in sendmail\n    raise SMTPSenderRefused(code, resp, from_addr)\n"}}, {"model": "django_apscheduler.djangojobexecution", "pk": 16, "fields": {"job": "my_job", "status": "Error!", "run_time": "2023-03-29T18:14:00Z", "duration": "0.45", "finished": "1680113640.45", "exception": "(553, b'5.7.1 Sender address rejected: not owned by auth user. 1680113644-4ENKQI5WmmI0-yRArgEgM', 'example@yandex.ru')", "traceback": "  File \"A:\\DjangoProjects\\venv\\lib\\site-packages\\apscheduler\\executors\\base.py\", line 125, in run_job\n    retval = job.func(*job.args, **job.kwargs)\n  File \"A:\\DjangoProjects\\NewsPaper\\NPbd\\management\\commands\\runapscheduler.py\", line 33, in my_job\n    msg.send()\n  File \"A:\\DjangoProjects\\venv\\lib\\site-packages\\django\\core\\mail\\message.py\", line 298, in send\n    return self.get_connection(fail_silently).send_messages([self])\n  File \"A:\\DjangoProjects\\venv\\lib\\site-packages\\django\\core\\mail\\backends\\smtp.py\", line 131, in send_messages\n    sent = self._send(message)\n  File \"A:\\DjangoProjects\\venv\\lib\\site-packages\\django\\core\\mail\\backends\\smtp.py\", line 149, in _send\n    self.connection.sendmail(\n  File \"C:\\Python38\\lib\\smtplib.py\", line 880, in sendmail\n    raise SMTPSenderRefused(code, resp, from_addr)\n"}}, {"model": "django_apscheduler.djangojobexecution", "pk": 17, "fields": {"job": "my_job", "status": "Error!", "run_time": "2023-03-29T18:22:00Z", "duration": "0.48", "finished": "1680114120.48", "exception": "(553, b'5.7.1 Sender address rejected: not owned by auth user. 1680114124-4MNeoI5DV8c0-FvGMAJua', 'example@yandex.ru')", "traceback": "  File \"A:\\DjangoProjects\\venv\\lib\\site-packages\\apscheduler\\executors\\base.py\", line 125, in run_job\n    retval = job.func(*job.args, **job.kwargs)\n  File \"A:\\DjangoProjects\\NewsPaper\\NPbd\\management\\commands\\runapscheduler.py\", line 33, in my_job\n    msg.send()\n  File \"A:\\DjangoProjects\\venv\\lib\\site-packages\\django\\core\\mail\\message.py\", line 298, in send\n    return self.get_connection(fail_silently).send_messages([self])\n  File \"A:\\DjangoProjects\\venv\\lib\\site-packages\\django\\core\\mail\\backends\\smtp.py\", line 131, in send_messages\n    sent = self._send(message)\n  File \"A:\\DjangoProjects\\venv\\lib\\site-packages\\django\\core\\mail\\backends\\smtp.py\", line 149, in _send\n    self.connection.sendmail(\n  File \"C:\\Python38\\lib\\smtplib.py\", line 880, in sendmail\n    raise SMTPSenderRefused(code, resp, from_addr)\n"}}, {"model": "django_apscheduler.djangojobexecution", "pk": 18, "fields": {"job": "my_job", "status": "Executed", "run_time": "2023-03-29T18:24:00Z", "duration": "2.33", "finished": "1680114242.33", "exception": null, "traceback": null}}, {"model": "django_apscheduler.djangojobexecution", "pk": 19, "fields": {"job": "my_job", "status": "Executed", "run_time": "2023-03-29T18:27:00Z", "duration": "0.80", "finished": "1680114420.80", "exception": null, "traceback": null}}, {"model": "django_apscheduler.djangojobexecution", "pk": 20, "fields": {"job": "my_job", "status": "Executed", "run_time": "2023-03-29T18:29:00Z", "duration": "0.60", "finished": "1680114540.60", "exception": null, "traceback": null}}, {"model": "django_apscheduler.djangojobexecution", "pk": 21, "fields": {"job": "my_job", "status": "Executed", "run_time": "2023-03-29T18:31:00Z", "duration": "0.70", "finished": "1680114660.70", "exception": null, "traceback": null}}, {"model": "django_apscheduler.djangojobexecution", "pk": 22, "fields": {"job": "my_job", "status": "Executed", "run_time": "2023-03-30T16:50:00Z", "duration": "0.25", "finished": "1680195000.25", "exception": null, "traceback": null}}]